id	sequence	type	orientation	begin	end	sequence_length	SA	volume	bulkiness	hydrophobicity
user_sequence	MTA	Non-Transmembrane	inside	1	3	3	175.0	122.53333333333335	14.506666666666666	1.0
user_sequence	WILLPVSLSAFSITGIWTVYAM	Transmembrane alpha helix	membrane	4	25	22	189.5	142.33636363636364	16.94272727272727	1.49
user_sequence	AVMNHHVCPVENWSYNESCPPDPAEQGGPKTCCTLDDVPLISKCGSYPPE	Non-Transmembrane	outside	26	75	50	183.44	124.88799999999999	14.696999999999996	-0.56
user_sequence	SCLFSLIGNMGAFMVALICLLRY	Transmembrane alpha helix	membrane	76	98	23	188.82608695652175	138.52173913043475	15.83739130434782	1.67
user_sequence	GQLLEQSRHS	Non-Transmembrane	inside	99	108	10	198.7	132.41000000000003	13.558000000000002	-1.26
user_sequence	WVNTTALITGCTNAAGLLVVGN	Transmembrane alpha helix	membrane	109	130	22	170.27272727272728	121.63181818181815	15.076363636363636	0.95
user_sequence	FQVDHAR	Non-Transmembrane	outside	131	137	7	208.42857142857142	142.85714285714286	15.281428571428572	-0.84
user_sequence	SLHYVGAGVAFPAGLLFVCLHCAL	Transmembrane alpha helix	membrane	138	161	24	174.75	128.61249999999998	15.280833333333332	1.59
user_sequence	SYQGATAPLDL	Non-Transmembrane	inside	162	172	11	175.54545454545453	121.54545454545455	14.184545454545457	-0.05
user_sequence	AVAYLRSVLAVIAFITLVLSGVFFV	Transmembrane alpha helix	membrane	173	197	25	184.04	139.42	17.345599999999997	2.26
user_sequence	HESSQLQ	Non-Transmembrane	outside	198	204	7	201.14285714285714	131.9857142857143	13.785714285714283	-1.64
user_sequence	HGAALCEWVCVIDILIFYGTFSY	Transmembrane alpha helix	membrane	205	227	23	191.2608695652174	140.45652173913044	16.016086956521743	1.2
user_sequence	EFGAVSSDTLVAALQPTPGRACKSSGSSSTSTHLNCAPESIAMI	Non-Transmembrane	inside	228	271	44	172.3181818181818	116.8113636363636	13.697272727272725	0.1
